<?xml version="1.0" encoding="UTF-8"?>
<!-- Foundation -->
<window type="dialog" id="134">
    <defaultcontrol always="true">450</defaultcontrol>


    <controls>

        <include>Global_Overlay</include>

        <control type="group">
            <include>Dialog_Standard_Group</include>

            <!-- Header -->
            <control type="label" id="1">
                <include>Dialog_Standard_Header</include>
                <label>1036</label>
            </control>

            <control type="panel" id="450">
                <include>Dialog_Standard_List_Left</include>
                <onup>450</onup>
                <ondown>450</ondown>
                <itemlayout height="138" width="700">
                    <control type="image">
                        <include>Dialog_Standard_List_Left_Icon</include>
                    </control>
                    <control type="label">
                        <animation effect="slide" end="0,18" condition="String.IsEmpty(ListItem.Label2)">Conditional</animation>
                        <include>Dialog_Standard_List_Left_Label</include>
                    </control>
                    <control type="label">
                        <include>Dialog_Standard_List_Left_Label2</include>
                    </control>
                </itemlayout>
                <focusedlayout height="138" width="700">
                    <control type="image">
                        <width>100%</width>
                        <height>135</height>
                        <texture border="5" colordiffuse="$VAR[ColorHighlight]">common/white.png</texture>
                    </control>
                    <control type="image">
                        <include>Dialog_Standard_List_Left_Icon</include>
                    </control>
                    <control type="label">
                        <textcolor>Selected</textcolor>
                        <selectedcolor>Selected</selectedcolor>
                        <animation effect="slide" end="0,18" condition="String.IsEmpty(ListItem.Label2)">Conditional</animation>
                        <include>Dialog_Standard_List_Left_Label</include>
                    </control>
                    <control type="label">
                        <textcolor>Selected</textcolor>
                        <selectedcolor>Selected</selectedcolor>
                        <include>Dialog_Standard_List_Left_Label2</include>
                    </control>
                </focusedlayout>
            </control>

            <!-- Big Image -->
            <control type="group">
                <centerright>190</centerright>
                <top>357</top>
                <width>300</width>
                <height>450</height>
                <control type="image">
                    <include>Defs_Shadow</include>
                    <texture>$INFO[Container(450).ListItem.Icon]</texture>
                    <aspectratio align="center" aligny="bottom">keep</aspectratio>
                </control>
            </control>

            <!-- Separator -->
            <control type="image">
                <left>699</left>
                <top>120</top>
                <height>687</height>
                <width>1</width>
                <texture colordiffuse="dialog_fg_12">common/white.png</texture>
            </control>
        </control>

    </controls>

</window>
