<?xml version="1.0" encoding="UTF-8"?>
<!-- Foundation -->
<window id="2001">
    <defaultcontrol always="true">9000</defaultcontrol>
    
    <onload>AlarmClock(RotateDisc,SetProperty(RotateDisc,1,Home),00:01,silent)</onload>
    <onunload>ClearProperty(RotateDisc,Home)</onunload>
    <controls>
        <control type="group">
            <visible>!Window.IsVisible(script-script.extendedinfo-DialogVideoInfo.xml) + !Window.IsVisible(script-script.extendedinfo-DialogInfo.xml)</visible>
            <include>Animation_FadeIn</include>
            <include>Animation_FadeOut</include>

            <!-- Information -->
            <control type="grouplist">
                <left>614</left>
                <top>672</top>
                <right>30</right>
                <include>Dialog_Info_Details_Grouplist</include>
                <!-- Tracks -->
                <control type="group">
                    <height>32</height>
                    <control type="label">
                        <left>0</left>
                        <width>160</width>
                        <align>right</align>
                        <textcolor>main_fg_30</textcolor>
                        <font>Tiny</font>
                        <label>29915</label>
                        <aligny>top</aligny>
                    </control>
                    <control type="label">
                        <left>176</left>
                        <textcolor>main_fg_70</textcolor>
                        <font>Tiny</font>
                        <aligny>top</aligny>
                        <label fallback="19055">$INFO[Window(Home).Property(SkinHelper.ListItem.AlbumCount),, $LOCALIZE[132]   ]$INFO[Window(Home).Property(SkinHelper.ListItem.SongCount),, $LOCALIZE[134]   ]$INFO[Window(Home).Property(SkinHelper.ListItem.Duration),$LOCALIZE[180] ,]</label>
                    </control>
                </control>
                <!-- Description -->
                <control type="group">
                    <height>210</height>
                    <control type="label">
                        <left>0</left>
                        <width>160</width>
                        <align>right</align>
                        <textcolor>main_fg_30</textcolor>
                        <font>Tiny</font>
                        <label>21821</label>
                        <aligny>top</aligny>
                    </control>
                    <control type="textbox">
                        <left>176</left>
                        <textcolor>main_fg_70</textcolor>
                        <font>Tiny</font>
                        <aligny>top</aligny>
                        <label fallback="19055">$INFO[Window(Home).Property(SkinHelper.ListItem.Plot)]</label>
                    </control>
                </control>
            </control>


            <!-- Buttons -->
            <control type="grouplist" id="9000">
                <left>614</left>
                <right>30</right>
                <align>left</align>
                <top>954</top>
                <height>60</height>
                <include>Dialog_Info_Button_Grouplist</include>

                <control type="button" id ="8">
                    <description>Play</description>
                    <label>208</label>
                    <include>Dialog_Info_Buttons</include>
                </control>

                <control type="button" id ="9003">
                    <description>Youtube</description>
                    <label>31141</label>
                    <onclick>Close</onclick>
                    <onclick>ActivateWindow(videos,plugin://plugin.video.youtube/search/?q=$INFO[ListItem.Artist],return)</onclick>
                    <onclick>SetFocus(50)</onclick>
                    <include>Dialog_Info_Buttons</include>
                </control>

                <control type="button" id ="6">
                    <description>Refresh</description>
                    <label>184</label>
                    <enable>!Skin.HasSetting(global.kioskmode)</enable>
                    <include>Dialog_Info_Buttons</include>
                </control>

                <control type="button" id ="10">
                    <description>Get Thumb</description>
                    <label>13405</label>
                    <enable>!Skin.HasSetting(global.kioskmode)</enable>
                    <include>Dialog_Info_Buttons</include>
                </control>

                <control type="button" id ="12">
                    <description>Get Fanart</description>
                    <label>20413</label>
                    <enable>!Skin.HasSetting(global.kioskmode)</enable>
                    <visible>Container.Content(artists)</visible>
                    <include>Dialog_Info_Buttons</include>
                </control>
            </control>
        </control>

        <include content="Object_BigPoster">
            <param name="discart" value="true" />
            <param name="height" value="504" />
        </include>

        <include>Statusbar_Info_Clock</include>

    </controls>

</window>
