<?xml version="1.0" encoding="UTF-8"?>
<!-- Foundation -->
<window id="136">


    <controls>

        <control type="group">
            <visible>!Window.IsVisible(DialogConfirm.xml)</visible>
            <visible>!Skin.HasSetting(hide.busydialog)</visible>
            <include>Animation_FadeIn</include>
            <include>Animation_FadeOut</include>
            <include>Global_Overlay</include>
            <include>Global_Overlay</include>
            <include>Defs_BusySpinner</include>
        </control>

    </controls>

</window>
