<?xml version="1.0" encoding="UTF-8"?>
<!-- Foundation -->
<window id="6">
    <defaultcontrol always="true">50</defaultcontrol>
    <menucontrol>9000</menucontrol>
    <views>50,54</views>
    <onload>SetFocus(50)</onload>
    
    <include>Defs_SetStartWindow</include>
    <controls>
        <include>Global_Background</include>
        <include>Topbar</include>
        <include>Bottombar</include>
        <control type="group">
            <include>Animation_Bottombar</include>
            <include content="Object_BigPoster">
                <param name="height" value="504" />
            </include>
        </control>
        
        <include>Statusbar</include>

        <control type="group">
            <include>Global_Overlay</include>
            <include>Animation_FadeIn</include>
            <visible allowhiddenfocus="true">ControlGroup(6000).HasFocus()</visible>
        </control>
        <control type="group">
            <visible allowhiddenfocus="true">ControlGroup(6000).HasFocus()</visible>
            <include>Defs_Options_Menu</include>
            <control type="grouplist" id="6000">
                <include>Defs_Options_Grouplist</include>
                
                <control type="button" id="21">
                    <description>Save</description>
                    <label>$LOCALIZE[190]</label>
                    <include>Defs_Context_Button</include>
                </control>
                <control type="button" id="22">
                    <description>Clear</description>
                    <label>$LOCALIZE[192]</label>
                    <include>Defs_Context_Button</include>
                </control>
                <control type="button" id="23">
                    <label>$LOCALIZE[208]</label>
                    <description>Play</description>
                    <include>Defs_Context_Button</include>
                </control>
                <control type="button" id="26">
                    <description>Repeat</description>
                    <include>Defs_Context_Button</include>
                </control>
                <control type="togglebutton" id="20">
                    <description>Shuffle</description>
                    <label>$LOCALIZE[191]: $LOCALIZE[351]</label>
                    <altlabel>$LOCALIZE[191]: $LOCALIZE[16041]</altlabel>
                    <usealttexture>Playlist.IsRandom</usealttexture>
                    <include>Defs_Context_Button</include>
                </control>
            </control>
        </control>
    </controls>

</window>
