<?xml version="1.0" encoding="UTF-8"?>
<window>
    <menucontrol>9000</menucontrol>
    <background>0</background>
    <defaultcontrol always="true">10</defaultcontrol>
    <views>10</views>
    <onload>SetProperty(ShowInfobar,1,Home)</onload>
    <onload>SetProperty(ShowTopbar,0,Home)</onload>
    <include>Defs_SetStartWindow</include>
    <controls>
        <include>Global_Background</include>
        <include>Topbar</include>
        <include>Bottombar</include>
        
        <control type="group" id="50">
            <control type="group">
                <visible>Control.IsVisible(10)</visible>
                <control type="epggrid" id="10" description="EPG">
                    <left>0</left>
                    <top>611</top>
                    <width>1920</width>
                    <height>420</height>
                    <onleft>28</onleft>
                    <viewtype label="19069">list</viewtype>
                    <onleft>9400</onleft>
                    <include>View_Movement_OnBack</include>
                    <progresstexture border="5" colordiffuse="bf777777">pvr/progressline.png</progresstexture>
                    <scrolltime tween="quadratic">300</scrolltime>
                    <timeblocks>40</timeblocks>
                    <rulerunit>6</rulerunit>
                    <rulerlayout height="70" width="260">
                        <control type="label" id="2">
                            <posx>40</posx>
                            <posy>46</posy>
                            <width>200</width>
                            <align>left</align>
                            <aligny>top</aligny>
                            <font>font_epg_timeline</font>
                            <label>$INFO[ListItem.Label]</label>
                            <textcolor>main_fg_30</textcolor>
                        </control>
                    </rulerlayout>
                    <channellayout height="70" width="460">
                        <control type="image">
                            <left>0</left>
                            <right>1</right>
                            <top>1</top>
                            <texture>common/selected.png</texture>
                            <aspectratio aligny="top">center</aspectratio>
                            <animation effect="fade" start="100" end="10" condition="true">Conditional</animation>
                            <visible>ListItem.IsPlaying</visible>
                        </control>
                        <control type="image">
                            <left>0</left>
                            <width>100%</width>
                            <top>1</top>
                            <texture colordiffuse="2f000000">common/white.png</texture>
                        </control>
                        <include>Defs_PVRGuide_Lines</include>
                        <control type="image" id="2">
                            <width>1</width>
                            <top>1</top>
                            <right>0</right>
                            <texture colordiffuse="7f000000">common/white.png</texture>
                        </control>
                        <control type="label">
                            <posx>90</posx>
                            <width>300</width>
                            <aligny>center</aligny>
                            <height>67</height>
                            <textcolor>main_fg_70</textcolor>
                            <label>$INFO[ListItem.ChannelName]</label>
                        </control>
                        <control type="label">
                            <centerleft>45</centerleft>
                            <width>90</width>
                            <align>center</align>
                            <aligny>center</aligny>
                            <height>67</height>
                            <textcolor>main_fg_70</textcolor>
                            <label>$INFO[ListItem.ChannelNumberLabel]</label>
                        </control>
                        <control type="image">
                            <top>10</top>
                            <bottom>10</bottom>
                            <right>10</right>
                            <width>50</width>
                            <texture>$INFO[ListItem.Icon]</texture>
                            <aspectratio aligny="center" align="right">keep</aspectratio>
                        </control>
                    </channellayout>
                    <focusedchannellayout height="70" width="460"> 
                        <control type="image">
                            <left>0</left>
                            <right>1</right>
                            <top>1</top>
                            <bottom>0</bottom>
                            <texture border="12" colordiffuse="$VAR[ColorHighlight]">common/white.png</texture>
                        </control>
                        <include>Defs_PVRGuide_Lines</include>
                        <control type="image" id="2">
                            <width>1</width>
                            <top>1</top>
                            <right>0</right>
                            <texture colordiffuse="7f000000">common/white.png</texture>
                        </control>
                        <control type="image">
                            <left>0</left>
                            <right>1</right>
                            <top>1</top>
                            <texture>common/selected.png</texture>
                            <aspectratio aligny="top">center</aspectratio>
                            <animation effect="fade" start="100" end="20" condition="true">Conditional</animation>
                            <visible>ListItem.IsPlaying</visible>
                        </control>
                        <control type="label">
                            <posx>90</posx>
                            <width>300</width>
                            <aligny>center</aligny>
                            <height>67</height>
                            <selectedcolor>Selected</selectedcolor>
                            <textcolor>Selected</textcolor>
                            <label>$INFO[ListItem.ChannelName]</label>
                        </control>
                        <control type="label">
                            <centerleft>45</centerleft>
                            <width>90</width>
                            <align>center</align>
                            <aligny>center</aligny>
                            <selectedcolor>Selected</selectedcolor>
                            <height>67</height>
                            <textcolor>Selected</textcolor>
                            <label>$INFO[ListItem.ChannelNumberLabel]</label>
                        </control>
                        <control type="image">
                            <top>10</top>
                            <bottom>10</bottom>
                            <right>10</right>
                            <width>50</width>
                            <texture>$INFO[ListItem.Icon]</texture>
                            <aspectratio aligny="center" align="right">keep</aspectratio>
                        </control>
                    </focusedchannellayout>
                    <itemlayout height="70" width="260">
                        <include>Defs_PVRGuide_Lines</include>
                        <control type="image" id="2">
                            <left>0</left>
                            <width>259</width>
                            <top>1</top>
                            <texture colordiffuse="2f000000">common/white.png</texture>
                        </control>
                        <control type="image" id="2">
                            <left>0</left>
                            <width>259</width>
                            <top>1</top>
                            <texture colordiffuse="5fffffff">pvrgenre/$INFO[ListItem.Property(GenreType)].png</texture>
                        </control>

                        <control type="image">
                            <posy>6</posy>
                            <width>52</width>
                            <height>52</height>
                            <texture colordiffuse="main_fg_70">special://skin/extras/icons/timer.png</texture>
                            <visible>ListItem.HasTimer | ListItem.IsRecording</visible>
                        </control>
                        <control type="label" id="1">
                            <posx>0</posx>
                            <height>66</height>
                            <width>285</width>
                            <textoffsetx>50</textoffsetx>
                            <textcolor>main_fg_70</textcolor>
                            <label>$INFO[ListItem.Label]</label>
                            <visible>ListItem.HasTimer | ListItem.IsRecording</visible>
                        </control>
                        <control type="label" id="1">
                            <posx>15</posx>
                            <width>226</width>
                            <height>67</height>
                            <textcolor>main_fg_70</textcolor>
                            <textoffsetx>0</textoffsetx>
                            <label>$INFO[ListItem.Label]</label>
                            <visible>!ListItem.HasTimer + !ListItem.IsRecording</visible>
                        </control>
                    </itemlayout>
                    <focusedlayout height="70" width="260">
                        <include>Defs_PVRGuide_Lines</include>
                        <control type="image" id="2">
                            <width>259</width>
                            <top>1</top>
                            <texture border="5" colordiffuse="$VAR[ColorHighlight]">common/white.png</texture>
                        </control>

                        <control type="image">
                            <posy>6</posy>
                            <width>52</width>
                            <height>52</height>
                            <texture>special://skin/extras/icons/timer.png</texture>
                            <colordiffuse>Selected</colordiffuse>
                            <visible>ListItem.HasTimer | ListItem.IsRecording</visible>
                        </control>
                        <control type="label" id="1">
                            <posx>0</posx>
                            <height>66</height>
                            <width>285</width>
                            <textoffsetx>50</textoffsetx>
                            <textcolor>Selected</textcolor>
                            <label>$INFO[ListItem.Label]</label>
                            <visible>ListItem.HasTimer | ListItem.IsRecording</visible>
                        </control>
                        <control type="label" id="1">
                            <posx>15</posx>
                            <width>226</width>
                            <height>67</height>
                            <textcolor>Selected</textcolor>
                            <textoffsetx>0</textoffsetx>
                            <label>$INFO[ListItem.Label]</label>
                            <visible>!ListItem.HasTimer + !ListItem.IsRecording</visible>
                        </control>
                    </focusedlayout>

                </control>
            </control>

        </control>

        <include>Object_PVRMenu</include>
        <include>Statusbar</include>
    </controls>
</window>
