<?xml version="1.0" encoding="UTF-8"?>
<!-- Foundation -->
<window>
    <defaultcontrol always="true">9315</defaultcontrol>
    <onload>SetProperty(SkinInitStarted,1,home)</onload>
    <controls>
        <control type="image" description="Background">
            <include>Dimensions_Fullscreen</include>
            <texture>common/gradient-solid.png</texture>
            <animation effect="fade" start="100" end="0" time="500" tween="quadratic">WindowClose</animation>
            <visible>String.IsEmpty(Skin.String(StartupPlaylist))</visible>
        </control>
        <control type="button" id="9315">
            <visible allowhiddenfocus="true">false</visible>
            <onfocus condition="!Skin.HasSetting(SkinHelper.EnablePVRThumbs)">Skin.SetBool(SkinHelper.EnablePVRThumbs)</onfocus>
            <onfocus condition="!Skin.HasSetting(SkinHelper.EnableMusicArt)">Skin.SetBool(SkinHelper.EnableMusicArt)</onfocus>
            <onfocus condition="String.IsEmpty(Window(home).Property(SkinInitStarted)) + !String.IsEmpty(Skin.String(StartupPlaylist))">PlayMedia($ESCINFO[Skin.String(StartupPlaylist)])</onfocus>
            <onfocus condition="!Player.HasVideo + !String.IsEmpty(Skin.String(StartupPlaylist))">ReplaceWindow($INFO[System.StartupWindow])</onfocus>
            <onfocus condition="String.IsEmpty(Skin.String(StartupPlaylist))">AlarmClock(GoHome,ReplaceWindow($INFO[System.StartupWindow]),00:01,silent,false)</onfocus>
        </control>
        <control type="label">
            <description>Loading</description>
            <width>100%</width>
            <height>100%</height>
            <align>center</align>
            <aligny>center</aligny>
            <label>(fuse)[COLOR=$VAR[ColorHighlight]]neue[/COLOR]</label>
            <font>font_startup_logo</font>
            <textcolor>main_fg_70</textcolor>
            <animation effect="fade" start="100" end="0" time="500" tween="quadratic">WindowClose</animation>
            <visible>String.IsEmpty(Skin.String(StartupPlaylist))</visible>
        </control>
    </controls>
</window>
