<?xml version="1.0" encoding="UTF-8"?>
<window id="1129" type="dialog">
	<defaultcontrol always="true">90100</defaultcontrol>
	<coordinates>
		<system>1</system>
	</coordinates>
	<onunload condition="!String.IsEmpty(Window(movieinformation).Property(ActorID)) + !String.IsEmpty(Window(movieinformation).Property(DoAction))">SetFocus(50,$INFO[Window(movieinformation).Property(ActorID)])</onunload>
	<onunload condition="!String.IsEmpty(Window(movieinformation).Property(ActorID)) + !String.IsEmpty(Window(movieinformation).Property(DoAction))">Action(select)</onunload>
	<onunload condition="!String.IsEmpty(Window(movieinformation).Property(ActorID)) + !String.IsEmpty(Window(movieinformation).Property(DoAction))">Control.Move(50,-$INFO[Window(movieinformation).Property(ActorID)])</onunload>
	<onunload condition="!String.IsEmpty(Window(movieinformation).Property(ActorID)) + !String.IsEmpty(Window(movieinformation).Property(DoAction))">SetFocus(90050)</onunload>
	<onunload condition="!String.IsEmpty(Window(movieinformation).Property(DirectorID)) + !String.IsEmpty(Window(movieinformation).Property(DoAction))">SendClick(2003,13)</onunload>
	<onunload>ClearProperty(CustomSelectSearch,Home)</onunload>
	<onunload>ClearProperty(ActorID,movieinformation)</onunload>
	<onunload>ClearProperty(ActorName,movieinformation)</onunload>
	<onunload>ClearProperty(DirectorID,movieinformation)</onunload>
	<onunload>ClearProperty(DoAction,movieinformation)</onunload>
	<onunload>ClearProperty(CustomSelectMainMenuLayout,skinsettings)</onunload>
	<onunload>ClearProperty(CustomSelectFanartTimePerImage,skinsettings)</onunload>
	<onunload>ClearProperty(CustomSelectDefaultBackground,skinsettings)</onunload>
	<onunload>ClearProperty(CustomSelectDefaultBackground,Home)</onunload>
	<onunload>ClearProperty(CustomSelectWidgetOpacity,skinsettings)</onunload>
	<onunload>ClearProperty(CustomSelectWidgetBack,skinsettings)</onunload>
	<onunload>ClearProperty(CustomSelectWidgetCaseInfo,skinsettings)</onunload>
	<onunload>ClearProperty(CustomSelectMyFlixDimmer,1131)</onunload>
	<onunload>ClearProperty(CustomSelectMusicVizBackground,1120)</onunload>
	<controls>
		<!-- <control type="image">
			<include>FullscreenDimensions</include>
			<texture border="1" colordiffuse="AAFFFFFF">black.png</texture>
			<animation effect="fade" time="150">WindowOpen</animation>
			<animation effect="fade" time="300">WindowClose</animation>
			<visible>!String.IsEmpty(Window(Home).Property(CustomSelectSearch))</visible>
		</control> -->
		<control type="group">
			<include>DialogOpenCloseAnimation</include>
			<left>457</left>
			<top>240</top>
			<animation effect="slide" end="0,-100" time="0" condition="!String.IsEmpty(Window(Home).Property(CustomSelectSearch)) + !Skin.HasSetting(lowermainmenu)">Conditional</animation>
			<animation effect="slide" end="0,100" time="0" condition="!String.IsEmpty(Window(Home).Property(CustomSelectSearch)) + Skin.HasSetting(lowermainmenu)">Conditional</animation>
			<control type="image">
				<left>157</left>
				<width>692</width>
				<height>600</height>
				<texture border="40">dialogs/default/bg.png</texture>
				<visible>String.IsEmpty(Window(Home).Property(CustomSelectSearch))</visible>
			</control>
			<control type="image">
				<left>187</left>
				<top>86</top>
				<width>632</width>
				<height>482</height>
				<texture border="5">dialogs/default/inner.png</texture>
				<visible>String.IsEmpty(Window(Home).Property(CustomSelectSearch))</visible>
			</control>
			<control type="image">
				<left>157</left>
				<width>692</width>
				<height>300</height>
				<texture border="40">dialogs/default/bg.png</texture>
				<visible>!String.IsEmpty(Window(Home).Property(CustomSelectSearch))</visible>
			</control>
			<control type="image">
				<left>187</left>
				<top>86</top>
				<width>632</width>
				<height>182</height>
				<texture border="5">dialogs/default/inner.png</texture>
				<visible>!String.IsEmpty(Window(Home).Property(CustomSelectSearch))</visible>
			</control>
			<control type="label" id="1">
				<left>30</left>
				<top>32</top>
				<width>940</width>
				<height>40</height>
				<font>font15_title</font>
				<label>$VAR[CustomSelectLabelVar]</label>
				<align>center</align>
				<textcolor>dialogheader</textcolor>
			</control>
			<control type="list" id="90100">
				<left>189</left>
				<top>88</top>
				<width>628</width>
				<height>480</height>
				<onup>90100</onup>
				<ondown>90100</ondown>
				<onleft>90100</onleft>
				<onright>60</onright>
				<pagecontrol>60</pagecontrol>
				<scrolltime tween="quadratic" easing="out">200</scrolltime>
				<itemlayout height="60" width="628">
					<control type="image">
						<width>628</width>
						<height>60</height>
						<texture border="1">separator2.png</texture>
					</control>
					<control type="label">
						<width>628</width>
						<height>60</height>
						<textoffsetx>15</textoffsetx>
						<font>font14</font>
						<textcolor>grey2</textcolor>
						<selectedcolor>$VAR[ThemeLabelColor]</selectedcolor>
						<label>$INFO[ListItem.Label]</label>
					</control>
				</itemlayout>
				<focusedlayout height="60" width="628">
					<control type="image">
						<width>628</width>
						<height>60</height>
						<texture border="1">separator2.png</texture>
						<include>VisibleFadeAnimation</include>
					</control>
					<control type="image">
						<width>629</width>
						<height>60</height>
						<texture colordiffuse="$VAR[HighlightBarColor]" border="5">listselect_fo.png</texture>
						<visible>Control.HasFocus(90100)</visible>
						<include>VisibleFadeAnimation</include>
					</control>
					<control type="label">
						<width>628</width>
						<height>60</height>
						<textoffsetx>15</textoffsetx>
						<font>font14</font>
						<textcolor>white</textcolor>
						<selectedcolor>$VAR[ThemeLabelColor]</selectedcolor>
						<scroll>true</scroll>
						<label>$INFO[ListItem.Label]</label>
						<animation effect="fade" start="100" end="70" time="300" tween="sine" easing="inout" condition="!Control.HasFocus(90100)">Conditional</animation>
					</control>
				</focusedlayout>
				<content>
					<include condition="!String.IsEmpty(Window(Home).Property(CustomSelectSearch))">SelectSearch</include>
					<include condition="!String.IsEmpty(Window(movieinformation).Property(ActorName))">SelectActorName</include>
					<include condition="!String.IsEmpty(Window(skinsettings).Property(CustomSelectMainMenuLayout))">SelectMainMenuLayout</include>
					<include condition="!String.IsEmpty(Window(skinsettings).Property(CustomSelectFanartTimePerImage))">SelectFanartTimePerImage</include>
					<include condition="!String.IsEmpty(Window(skinsettings).Property(CustomSelectDefaultBackground)) | !String.IsEmpty(Window(Home).Property(CustomSelectDefaultBackground))">SelectDefaultBackground</include>
					<include condition="!String.IsEmpty(Window(skinsettings).Property(CustomSelectWidgetOpacity))">SelectWidgetOpacity</include>
					<include condition="!String.IsEmpty(Window(skinsettings).Property(CustomSelectWidgetBack))">SelectWidgetBack</include>
					<include condition="!String.IsEmpty(Window(skinsettings).Property(CustomSelectWidgetCaseInfo))">SelectWidgetCaseInfo</include>
					<include condition="!String.IsEmpty(Window(1131).Property(CustomSelectMyFlixDimmer))">SelectMyFlixDimmer</include>
					<include condition="!String.IsEmpty(Window(1120).Property(CustomSelectMusicVizBackground))">SelectMusicVizBackground</include>
				</content>
			</control>
		</control>
	</controls>
</window>