<?xml version="1.0" encoding="UTF-8"?>
<window id="1126" type="dialog">
	<onload condition="String.IsEmpty(Window(Home).Property(Notify))">SetFocus(901002)</onload>
	<onload condition="!String.IsEmpty(Window(Home).Property(Notify))">SetFocus(901003)</onload>
	<onunload>ClearProperty(ResetSkinSettings,Home)</onunload>
	<onunload>ClearProperty(MissingDependency,Home)</onunload>
	<onunload>ClearProperty(NotWarnedOnHidingViz,Home)</onunload>
	<onunload>ClearProperty(Notify,Home)</onunload>
	<onunload>ClearProperty(NotifyFileManager,Home)</onunload>
	<onunload>ClearProperty(NotifyNoRepo,Home)</onunload>
	<onunload>ClearProperty(NotWarnedOnMuzicVizInfo,Home)</onunload>
	<onunload>ClearProperty(OfferReloadAfterConfirm,Home)</onunload>
	<onunload>ClearProperty(AskDefaultBackground,Home)</onunload>
	<coordinates>
		<system>1</system>
		<left>502</left>
		<top>293</top>
	</coordinates>
	<include>DialogOpenCloseAnimation</include>
	<controls>
		<control type="image">
			<width>916</width>
			<height>494</height>
			<texture border="40">dialogs/default/bg.png</texture>
		</control>
		<control type="image">
			<left>30</left>
			<top>86</top>
			<width>856</width>
			<height>302</height>
			<texture border="5">dialogs/default/inner.png</texture>
		</control>
		<control type="image">
			<left>30</left>
			<top>32</top>
			<width>856</width>
			<height>40</height>
			<texture border="5">dialogs/default/inner.png</texture>
		</control>
		<control type="label" id="1">
			<description>Header Label</description>
			<left>45</left>
			<top>32</top>
			<width>825</width>
			<height>40</height>
			<font>font15_title</font>
			<label>$LOCALIZE[14117]</label>
			<align>center</align>
			<textcolor>dialogheader</textcolor>
		</control>
		<control type="textbox" id="400">
			<left>45</left>
			<top>98</top>
			<width>825</width>
			<height>282</height>
			<font>font15_textbox</font>
			<label>$VAR[CustomConfirmTextboxVar]</label>
			<textcolor>grey2</textcolor>
			<autoscroll time="3000" delay="4000" repeat="5000">true</autoscroll>
		</control>
		<control type="grouplist" id="90100">
			<left>30</left>
			<top>402</top>
			<width>856</width>
			<orientation>horizontal</orientation>
			<control type="button" id="901001">
				<description>Yes button</description>
				<width>421</width>
				<height>60</height>
				<label>$VAR[CustomConfirmYesLabelVar]</label>
				<font>font15_title</font>
				<textcolor>grey2</textcolor>
				<focusedcolor>white</focusedcolor>
				<align>center</align>
				<onleft>noop</onleft>
				<onright>noop</onright>
				<onup>noop</onup>
				<ondown>noop</ondown>
				<onclick>Dialog.Close(1126)</onclick>
				<onclick condition="!String.IsEmpty(Window(Home).Property(ResetSkinSettings))">Skin.ResetSettings</onclick>
				<onclick condition="!String.IsEmpty(Window(Home).Property(MissingDependency)) + !System.HasAddon(script.skinshortcuts)">InstallAddon(script.skinshortcuts)</onclick>
				<onclick condition="!Skin.HasSetting(WarnedOnHidingViz) + !String.IsEmpty(Window(Home).Property(NotWarnedOnHidingViz))">Skin.ToggleSetting(hidevizbehindfanart)</onclick>
				<onclick condition="!Skin.HasSetting(WarnedOnHidingViz) + !String.IsEmpty(Window(Home).Property(NotWarnedOnHidingViz))">Skin.SetBool(WarnedOnHidingViz)</onclick>
				<onclick condition="!String.IsEmpty(Window(Home).Property(OfferReloadAfterConfirm))">Skin.ToggleSetting(KioskMode.Enabled)</onclick>
				<onclick condition="!String.IsEmpty(Window(Home).Property(AskDefaultBackground))">Skin.SetBool(AskedDefaultBackground)</onclick>
				<onclick condition="!String.IsEmpty(Window(Home).Property(AskDefaultBackground))">SetProperty(CustomSelectDefaultBackground,True)</onclick>
				<onclick condition="!String.IsEmpty(Window(Home).Property(AskDefaultBackground))">ActivateWindow(1129)</onclick>
				<texturefocus colordiffuse="$VAR[HighlightBarColor]" border="5">listselect_fo.png</texturefocus>
				<texturenofocus border="5">dialogs/default/inner.png</texturenofocus>
				<visible>String.IsEmpty(Window(Home).Property(Notify))</visible>
			</control>
			<control type="button" id="901002">
				<description>No button</description>
				<left>465</left>
				<top>402</top>
				<width>421</width>
				<height>60</height>
				<label>$VAR[CustomConfirmNoLabelVar]</label>
				<font>font15_title</font>
				<textcolor>grey2</textcolor>
				<focusedcolor>white</focusedcolor>
				<align>center</align>
				<onleft>noop</onleft>
				<onright>noop</onright>
				<onup>noop</onup>
				<ondown>noop</ondown>
				<onclick>Dialog.Close(1126)</onclick>
				<onclick condition="!String.IsEmpty(Window(Home).Property(MissingDependency)) + !Window.IsActive(settings) + !Window.IsActive(interfacesettings)">ActivateWindow(interfacesettings)</onclick>
				<onclick condition="!String.IsEmpty(Window(Home).Property(AskDefaultBackground))">Skin.SetBool(AskedDefaultBackground)</onclick>
				<texturefocus colordiffuse="$VAR[HighlightBarColor]" border="5">listselect_fo.png</texturefocus>
				<texturenofocus border="5">dialogs/default/inner.png</texturenofocus>
				<visible>String.IsEmpty(Window(Home).Property(Notify))</visible>
			</control>
			<control type="button" id="901003">
				<description>OK button</description>
				<left>465</left>
				<top>402</top>
				<width>842</width>
				<height>60</height>
				<label>$LOCALIZE[186]</label>
				<font>font15_title</font>
				<textcolor>grey2</textcolor>
				<focusedcolor>white</focusedcolor>
				<align>center</align>
				<onleft>noop</onleft>
				<onright>noop</onright>
				<onup>noop</onup>
				<ondown>noop</ondown>
				<onclick condition="!String.IsEmpty(Window(Home).Property(NotifyFileManager))">Skin.SetBool(WarnedOnFileManager)</onclick>
				<onclick condition="!String.IsEmpty(Window(Home).Property(NotifyNoRepo))">ClearProperty(NotifyNoRepo,Home)</onclick>
				<onclick condition="!String.IsEmpty(Window(Home).Property(NotWarnedOnMuzicVizInfo))">ClearProperty(NotWarnedOnMuzicVizInfo,Home)</onclick>
				<onclick condition="!Skin.HasSetting(WarnedOnMusicVizInfo) + !String.IsEmpty(Window(Home).Property(NotWarnedOnMuzicVizInfo))">Skin.SetBool(WarnedOnMusicVizInfo)</onclick>
				<onclick condition="!Skin.HasSetting(WarnedOnFullscreenInfo) + !String.IsEmpty(Window(Home).Property(NotWarnedOnFullscreenInfo))">Skin.SetBool(WarnedOnFullscreenInfo)</onclick>
				<onclick>Dialog.Close(1126)</onclick>
				<texturefocus colordiffuse="$VAR[HighlightBarColor]" border="5">listselect_fo.png</texturefocus>
				<texturenofocus border="5">dialogs/default/inner.png</texturenofocus>
				<visible>!String.IsEmpty(Window(Home).Property(Notify))</visible>
			</control>
		</control>
	</controls>
</window>