<?xml version="1.0" encoding="UTF-8"?>
<includes>
	<!-- Widget Settings -->
	<variable name="Widget1DisplayTitleVar">
		<value condition="!String.IsEmpty(Container(211).ListItem.Property(widgetStyle)) + !String.IsEmpty(Container(211).ListItem.Property(widgetName))">$INFO[Container(211).ListItem.Property(widgetName)][B]$INFO[Container(211).ListItem.Property(widgetStyle), - ][/B]</value>
		<value>$LOCALIZE[231]</value>
	</variable>
	<variable name="Widget2DisplayTitleVar">
		<value condition="!String.IsEmpty(Container(211).ListItem.Property(widgetStyle.2)) + !String.IsEmpty(Container(211).ListItem.Property(widgetName.2))">$INFO[Container(211).ListItem.Property(widgetName.2)][B]$INFO[Container(211).ListItem.Property(widgetStyle.2), - ][/B]</value>
		<value>$LOCALIZE[231]</value>
	</variable>
	<variable name="WidgetStyleLabelVar">
		<value condition="String.IsEqual(Container(211).ListItem.Property(widgetStyle),List)">$LOCALIZE[535]</value>
		<value condition="String.IsEqual(Container(211).ListItem.Property(widgetStyle),Extended List)">$LOCALIZE[31711]</value>
		<value condition="String.IsEqual(Container(211).ListItem.Property(widgetStyle),Panel)">$LOCALIZE[31712]</value>
		<value condition="String.IsEqual(Container(211).ListItem.Property(widgetStyle),Extended Panel)">$LOCALIZE[31713]</value>
		<value condition="String.IsEqual(Container(211).ListItem.Property(widgetStyle),Compact Panel)">$LOCALIZE[31714]</value>
		<value condition="String.IsEqual(Container(211).ListItem.Property(widgetStyle),Extended Compact Panel)">$LOCALIZE[31715]</value>
		<value>$LOCALIZE[231]</value>
	</variable>
	<variable name="WidgetStyle2LabelVar">
		<value condition="String.IsEqual(Container(211).ListItem.Property(widgetStyle.2),List)">$LOCALIZE[535]</value>
		<value condition="String.IsEqual(Container(211).ListItem.Property(widgetStyle.2),Extended List)">$LOCALIZE[31711]</value>
		<value condition="String.IsEqual(Container(211).ListItem.Property(widgetStyle.2),Panel)">$LOCALIZE[31712]</value>
		<value condition="String.IsEqual(Container(211).ListItem.Property(widgetStyle.2),Extended Panel)">$LOCALIZE[31713]</value>
		<value condition="String.IsEqual(Container(211).ListItem.Property(widgetStyle.2),Compact Panel)">$LOCALIZE[31714]</value>
		<value condition="String.IsEqual(Container(211).ListItem.Property(widgetStyle.2),Extended Compact Panel)">$LOCALIZE[31715]</value>
		<value>$LOCALIZE[231]</value>
	</variable>
	<variable name="WidgetArtLabelVar">
		<value condition="String.IsEqual(Container(211).ListItem.Property(widgetArt),Poster)">$LOCALIZE[31016]</value>
		<value condition="String.IsEqual(Container(211).ListItem.Property(widgetArt),Square Poster)">$LOCALIZE[31718]</value>
		<value condition="String.IsEqual(Container(211).ListItem.Property(widgetArt),FanArt)">$LOCALIZE[20445]</value>
		<value condition="String.IsEqual(Container(211).ListItem.Property(widgetArt),Thumb)">$LOCALIZE[21371]</value>
		<value condition="String.IsEqual(Container(211).ListItem.Property(widgetArt),Landscape)">$LOCALIZE[31076]</value>
		<value condition="String.IsEqual(Container(211).ListItem.Property(widgetArt),ClearArt)">$LOCALIZE[31156]</value>
		<value condition="String.IsEqual(Container(211).ListItem.Property(widgetArt),ClearLogo)">$LOCALIZE[31719]</value>
		<value condition="String.IsEqual(Container(211).ListItem.Property(widgetArt),DiscArt)">$LOCALIZE[31609]</value>
		<value condition="String.IsEqual(Container(211).ListItem.Property(widgetArt),CharacterArt)">$LOCALIZE[31720]</value>
		<value condition="String.IsEqual(Container(211).ListItem.Property(widgetArt),Banner)">$LOCALIZE[31087]</value>
		<value>$LOCALIZE[231]</value>
	</variable>
	<variable name="WidgetArt2LabelVar">
		<value condition="String.IsEqual(Container(211).ListItem.Property(widgetArt.2),Poster)">$LOCALIZE[31016]</value>
		<value condition="String.IsEqual(Container(211).ListItem.Property(widgetArt.2),Square Poster)">$LOCALIZE[31718]</value>
		<value condition="String.IsEqual(Container(211).ListItem.Property(widgetArt.2),FanArt)">$LOCALIZE[20445]</value>
		<value condition="String.IsEqual(Container(211).ListItem.Property(widgetArt.2),Thumb)">$LOCALIZE[21371]</value>
		<value condition="String.IsEqual(Container(211).ListItem.Property(widgetArt.2),Landscape)">$LOCALIZE[31076]</value>
		<value condition="String.IsEqual(Container(211).ListItem.Property(widgetArt.2),ClearArt)">$LOCALIZE[31156]</value>
		<value condition="String.IsEqual(Container(211).ListItem.Property(widgetArt.2),ClearLogo)">$LOCALIZE[31719]</value>
		<value condition="String.IsEqual(Container(211).ListItem.Property(widgetArt.2),DiscArt)">$LOCALIZE[31609]</value>
		<value condition="String.IsEqual(Container(211).ListItem.Property(widgetArt.2),CharacterArt)">$LOCALIZE[31720]</value>
		<value condition="String.IsEqual(Container(211).ListItem.Property(widgetArt.2),Banner)">$LOCALIZE[31087]</value>
		<value>$LOCALIZE[231]</value>
	</variable>
	<variable name="WidgetCaseLabelVar">
		<value condition="String.IsEqual(Container(211).ListItem.Property(widgetCase),Glass)">$LOCALIZE[31721]</value>
		<value condition="String.IsEqual(Container(211).ListItem.Property(widgetCase),Clear Case)">$LOCALIZE[31722]</value>
		<value condition="String.Contains(Container(211).ListItem.Property(widgetCase),Case)">$LOCALIZE[31707]</value>
		<value>$LOCALIZE[231]</value>
	</variable>
	<variable name="WidgetCase2LabelVar">
		<value condition="String.IsEqual(Container(211).ListItem.Property(widgetCase.2),Glass)">$LOCALIZE[31721]</value>
		<value condition="String.IsEqual(Container(211).ListItem.Property(widgetCase.2),Clear Case)">$LOCALIZE[31722]</value>
		<value condition="String.Contains(Container(211).ListItem.Property(widgetCase.2),Case)">$LOCALIZE[31707]</value>
		<value>$LOCALIZE[231]</value>
	</variable>
	<variable name="WidgetSortbyLabelVar">
		<value condition="String.IsEqual(Container(211).ListItem.Property(widgetSortby),lastplayed)">$LOCALIZE[568]</value>
		<value condition="String.IsEqual(Container(211).ListItem.Property(widgetSortby),title)">$LOCALIZE[369]</value>
		<value condition="String.IsEqual(Container(211).ListItem.Property(widgetSortby),tvshowtitle)">$LOCALIZE[36902]</value>
		<value condition="String.IsEqual(Container(211).ListItem.Property(widgetSortby),date)">$LOCALIZE[552]</value>
		<value condition="String.IsEqual(Container(211).ListItem.Property(widgetSortby),artist)">$LOCALIZE[557]</value>
		<value condition="String.IsEqual(Container(211).ListItem.Property(widgetSortby),album)">$LOCALIZE[558]</value>
		<value condition="String.IsEqual(Container(211).ListItem.Property(widgetSortby),tracknumber)">$LOCALIZE[554]</value>
		<value condition="String.IsEqual(Container(211).ListItem.Property(widgetSortby),channelnumber)">$LOCALIZE[19029]</value>
		<value condition="String.IsEqual(Container(211).ListItem.Property(widgetSortby),year)">$LOCALIZE[345]</value>
		<value condition="String.IsEqual(Container(211).ListItem.Property(widgetSortby),dateadded)">$LOCALIZE[570]</value>
		<value condition="String.IsEqual(Container(211).ListItem.Property(widgetSortby),random)">$LOCALIZE[590]</value>
		<value>$LOCALIZE[571]</value>
	</variable>
	<variable name="WidgetSortby2LabelVar">
		<value condition="String.IsEqual(Container(211).ListItem.Property(widgetSortby.2),lastplayed)">$LOCALIZE[568]</value>
		<value condition="String.IsEqual(Container(211).ListItem.Property(widgetSortby.2),title)">$LOCALIZE[369]</value>
		<value condition="String.IsEqual(Container(211).ListItem.Property(widgetSortby.2),tvshowtitle)">$LOCALIZE[36902]</value>
		<value condition="String.IsEqual(Container(211).ListItem.Property(widgetSortby.2),date)">$LOCALIZE[552]</value>
		<value condition="String.IsEqual(Container(211).ListItem.Property(widgetSortby.2),artist)">$LOCALIZE[557]</value>
		<value condition="String.IsEqual(Container(211).ListItem.Property(widgetSortby.2),album)">$LOCALIZE[558]</value>
		<value condition="String.IsEqual(Container(211).ListItem.Property(widgetSortby.2),tracknumber)">$LOCALIZE[554]</value>
		<value condition="String.IsEqual(Container(211).ListItem.Property(widgetSortby.2),channelnumber)">$LOCALIZE[19029]</value>
		<value condition="String.IsEqual(Container(211).ListItem.Property(widgetSortby.2),year)">$LOCALIZE[345]</value>
		<value condition="String.IsEqual(Container(211).ListItem.Property(widgetSortby.2),dateadded)">$LOCALIZE[570]</value>
		<value condition="String.IsEqual(Container(211).ListItem.Property(widgetSortby.2),random)">$LOCALIZE[590]</value>
		<value>$LOCALIZE[571]</value>
	</variable>
	<variable name="WidgetSortLabelVar">
		<value condition="String.IsEqual(Container(211).ListItem.Property(widgetSort),ascending)">$LOCALIZE[584]</value>
		<value condition="String.IsEqual(Container(211).ListItem.Property(widgetSort),descending)">$LOCALIZE[585]</value>
		<value>$LOCALIZE[571]</value>
	</variable>
	<variable name="WidgetSort2LabelVar">
		<value condition="String.IsEqual(Container(211).ListItem.Property(widgetSort.2),ascending)">$LOCALIZE[584]</value>
		<value condition="String.IsEqual(Container(211).ListItem.Property(widgetSort.2),descending)">$LOCALIZE[585]</value>
		<value>$LOCALIZE[571]</value>
	</variable>
	<variable name="WidgetBackgroundLabelVar">
		<value condition="String.IsEqual(Container(211).ListItem.Property(widgetBack),Flat)">$LOCALIZE[31723]</value>
		<value condition="String.IsEqual(Container(211).ListItem.Property(widgetBack),Clear)">$LOCALIZE[386]</value>
		<value condition="String.IsEqual(Container(211).ListItem.Property(widgetBack),Clear White)">$LOCALIZE[31724]</value>
		<value condition="String.IsEqual(Container(211).ListItem.Property(widgetBack),Colored Default)">$LOCALIZE[31725]</value>
		<value condition="String.IsEqual(Container(211).ListItem.Property(widgetBack),Colored Flat)">$LOCALIZE[31726]</value>
		<value condition="String.IsEqual(Container(211).ListItem.Property(widgetBack),Colored Clear)">$LOCALIZE[31727]</value>
		<value condition="String.IsEqual(Container(211).ListItem.Property(widgetBack),Colored Clear White)">$LOCALIZE[31728]</value>
		<value condition="String.IsEqual(Container(211).ListItem.Property(widgetBack),None)">$LOCALIZE[231]</value>
		<value>$LOCALIZE[571]</value>
	</variable>
	<variable name="WidgetBackground2LabelVar">
		<value condition="String.IsEqual(Container(211).ListItem.Property(widgetBack.2),Flat)">$LOCALIZE[31723]</value>
		<value condition="String.IsEqual(Container(211).ListItem.Property(widgetBack.2),Clear)">$LOCALIZE[386]</value>
		<value condition="String.IsEqual(Container(211).ListItem.Property(widgetBack.2),Clear White)">$LOCALIZE[31724]</value>
		<value condition="String.IsEqual(Container(211).ListItem.Property(widgetBack.2),Colored Default)">$LOCALIZE[31725]</value>
		<value condition="String.IsEqual(Container(211).ListItem.Property(widgetBack.2),Colored Flat)">$LOCALIZE[31726]</value>
		<value condition="String.IsEqual(Container(211).ListItem.Property(widgetBack.2),Colored Clear)">$LOCALIZE[31727]</value>
		<value condition="String.IsEqual(Container(211).ListItem.Property(widgetBack.2),Colored Clear White)">$LOCALIZE[31728]</value>
		<value condition="String.IsEqual(Container(211).ListItem.Property(widgetBack.2),None)">$LOCALIZE[231]</value>
		<value>$LOCALIZE[571]</value>
	</variable>
	<variable name="WidgetTitleLabelVar">
		<value condition="String.IsEqual(Container(211).ListItem.Property(widgetTitle),Panel)">$LOCALIZE[31729]</value>
		<value condition="String.IsEqual(Container(211).ListItem.Property(widgetTitle),On Focus)">$LOCALIZE[31730]</value>
		<value condition="String.IsEqual(Container(211).ListItem.Property(widgetTitle),Title)">$LOCALIZE[31731]</value>
		<value>$LOCALIZE[231]</value>
	</variable>
	<variable name="WidgetTitle2LabelVar">
		<value condition="String.IsEqual(Container(211).ListItem.Property(widgetTitle.2),Panel)">$LOCALIZE[31729]</value>
		<value condition="String.IsEqual(Container(211).ListItem.Property(widgetTitle.2),On Focus)">$LOCALIZE[31730]</value>
		<value condition="String.IsEqual(Container(211).ListItem.Property(widgetTitle.2),Title)">$LOCALIZE[31731]</value>
		<value>$LOCALIZE[231]</value>
	</variable>
	<variable name="WidgetListLabelVar">
		<value condition="String.IsEqual(Container(211).ListItem.Property(widgetList),Label)">$LOCALIZE[21899]</value>
		<value condition="String.IsEqual(Container(211).ListItem.Property(widgetList),Banner Art)">$LOCALIZE[31087]</value>
		<value>$LOCALIZE[21899]</value>
	</variable>
	<variable name="WidgetList2LabelVar">
		<value condition="String.IsEqual(Container(211).ListItem.Property(widgetList.2),Label)">$LOCALIZE[21899]</value>
		<value condition="String.IsEqual(Container(211).ListItem.Property(widgetList.2),Banner Art)">$LOCALIZE[31087]</value>
		<value>$LOCALIZE[21899]</value>
	</variable>
	<variable name="WidgetPanelInfoVar">
		<value condition="String.IsEqual(Container(211).ListItem.Property(widgetPanelInfo),Enabled)">$LOCALIZE[305]</value>
		<value>$LOCALIZE[231]</value>
	</variable>
	<variable name="WidgetPanelInfo2Var">
		<value condition="String.IsEqual(Container(211).ListItem.Property(widgetPanelInfo.2),Enabled)">$LOCALIZE[305]</value>
		<value>$LOCALIZE[231]</value>
	</variable>
	<!-- Widgets Global Settings-->
	<variable name="WidgetBackLabelVar">
		<value condition="String.IsEqual(Skin.String(Widget.Back),Flat)">$LOCALIZE[31723]</value>
		<value condition="String.IsEqual(Skin.String(Widget.Back),Clear)">$LOCALIZE[192]</value>
		<value condition="String.IsEqual(Skin.String(Widget.Back),Clear White)">$LOCALIZE[31724]</value>
		<value condition="String.IsEqual(Skin.String(Widget.Back),Colored Default)">$LOCALIZE[31725]</value>
		<value condition="String.IsEqual(Skin.String(Widget.Back),Colored Flat)">$LOCALIZE[31726]</value>
		<value condition="String.IsEqual(Skin.String(Widget.Back),Colored Clear)">$LOCALIZE[31727]</value>
		<value condition="String.IsEqual(Skin.String(Widget.Back),Colored Clear White)">$LOCALIZE[31728]</value>
		<value condition="String.IsEqual(Skin.String(Widget.Back),None)">$LOCALIZE[231]</value>
		<value>$LOCALIZE[571]</value>
	</variable>
	<variable name="HomeWidgetBackgroundVar">
		<value condition="String.IsEqual(Skin.String(Widget.Back),Flat)">homewidgets/bg_flat.png</value>
		<value condition="String.IsEqual(Skin.String(Widget.Back),Clear)">homewidgets/bg_clear.png</value>
		<value condition="String.IsEqual(Skin.String(Widget.Back),Clear White)">homewidgets/bg_clearwhite.png</value>
		<value condition="String.IsEqual(Skin.String(Widget.Back),Colored Default)">homewidgets/bg_default.png</value>
		<value condition="String.IsEqual(Skin.String(Widget.Back),Colored Flat)">homewidgets/bg_flat.png</value>
		<value condition="String.IsEqual(Skin.String(Widget.Back),Colored Clear)">homewidgets/bg_clear.png</value>
		<value condition="String.IsEqual(Skin.String(Widget.Back),Colored Clear White)">homewidgets/bg_clearwhite.png</value>
		<value condition="String.IsEqual(Skin.String(Widget.Back),None)" />
		<value>homewidgets/bg_default.png</value>
	</variable>
	<variable name="WidgetCaseInfoVar">
		<value condition="String.IsEqual(Skin.String(Widget.CaseInfo),Glass)">$LOCALIZE[31721]</value>
		<value condition="String.IsEqual(Skin.String(Widget.CaseInfo),Case)">$LOCALIZE[31707]</value>
		<value condition="String.IsEqual(Skin.String(Widget.CaseInfo),BD Case)">$LOCALIZE[31747]</value>
		<value condition="String.IsEqual(Skin.String(Widget.CaseInfo),Clear Case)">$LOCALIZE[31722]</value>
		<value condition="String.IsEqual(Skin.String(Widget.CaseInfo),Match widget panel)">$LOCALIZE[31746]</value>
		<value>$LOCALIZE[231]</value>
	</variable>
	<variable name="WidgetTransLabelVar">
		<value condition="!String.IsEmpty(Skin.String(Widget.Trans))">$INFO[Skin.String(Widget.Trans)]</value>
		<value>100</value>
	</variable>
	<variable name="HomeWidgetBackColor">
		<value condition="String.IsEqual(Skin.String(Widget.Back),Clear White)">FFFFFFFF</value>
		<value condition="String.Contains(Skin.String(Widget.Back),Colored)">$VAR[WidgetBackgroundColor]</value>
	</variable>
	<!-- Widget Artwork -->
	<variable name="HomeWidgetPortraitCaseVar">
		<value condition="String.Contains(ListItem.Filename,4k)">4k.png</value>
		<value condition="ListItem.IsStereoscopic | String.Contains(ListItem.Filename,3d) | String.Contains(ListItem.Filename,3dbd)">3d.png</value>
		<value condition="String.Contains(ListItem.Filename,hddvd)">hddvd.png</value>
		<value condition="String.Contains(ListItem.Filename,hdtv) | String.Contains(ListItem.Filename,hd tv)">hdtv.png</value>
		<value condition="String.Contains(ListItem.Filename,webdl) | String.Contains(ListItem.Filename,web-dl) | String.Contains(ListItem.Filename,webtv) | String.Contains(ListItem.Filename,web-tv)">webdl.png</value>
		<value condition="!String.IsEmpty(ListItem.VideoResolution)">$INFO[ListItem.VideoResolution]p.png</value>
		<value condition="!String.IsEmpty(ListItem.Property(VideoResolution))">$INFO[ListItem.Property(VideoResolution)]p.png</value>
		<value condition="String.IsEqual(Container(9000).ListItem.Property(WidgetType),tvshows)">tvseries.png</value>
		<value condition="String.IsEmpty(ListItem.Property(VideoResolution)) + String.IsEmpty(ListItem.TVShowTitle) + [!String.IsEmpty(ListItem.Trailer) | String.Contains(ListItem.FolderPath,extendedinfo)]">trailers.png</value>
		<value>p.png</value>
	</variable>
	<variable name="HomeWidgetPosterVar">
		<value condition="!String.IsEmpty(ListItem.Art(poster))">$INFO[ListItem.Art(poster)]</value>
		<value condition="!String.IsEmpty(ListItem.Art(tvshow.poster))">$INFO[ListItem.Art(tvshow.poster)]</value>
		<value condition="!String.IsEmpty(ListItem.Icon)">$INFO[ListItem.Icon]</value>
		<value>$INFO[ListItem.Art(thumb)]</value>
	</variable>
	<variable name="HomeWidgetFanArtVar">
		<value condition="!String.IsEmpty(ListItem.Art(fanart))">$INFO[ListItem.Art(fanart)]</value>
		<value condition="!String.IsEmpty(ListItem.Property(Fanart)) + !Skin.HasSetting(weatherfanart.multi)">$INFO[ListItem.Property(Fanart)]</value>
		<value condition="!String.IsEmpty(ListItem.Property(WeatherMultiFanart)) + Skin.HasSetting(weatherfanart.multi)">$INFO[ListItem.Property(WeatherMultiFanart)]</value>
		<value condition="!String.IsEmpty(ListItem.Property(Fanart))">$INFO[ListItem.Property(Fanart)]</value>
		<value>$INFO[ListItem.Art(thumb)]</value>
	</variable>
	<variable name="HomeWidgetLandscapeVar">
		<value condition="!String.IsEmpty(ListItem.Art(landscape))">$INFO[ListItem.Art(landscape)]</value>
		<value condition="!String.IsEmpty(ListItem.Art(tvshow.landscape))">$INFO[ListItem.Art(tvshow.landscape)]</value>
		<value condition="!String.IsEmpty(ListItem.Art(fanart))">$INFO[ListItem.Art(fanart)]</value>
		<value>$INFO[ListItem.Art(thumb)]</value>
	</variable>
	<variable name="HomeWidgetClearArtVar">
		<value condition="!String.IsEmpty(ListItem.Art(clearart))">$INFO[ListItem.Art(clearart)]</value>
		<value condition="!String.IsEmpty(ListItem.Art(tvshow.clearart))">$INFO[ListItem.Art(tvshow.clearart)]</value>
		<value condition="!String.IsEmpty(ListItem.Art(tvshow.clearlogo))">$INFO[ListItem.Art(tvshow.clearlogo)]</value>
		<value>$INFO[ListItem.Art(clearlogo)]</value>
	</variable>
	<variable name="HomeWidgetClearLogoVar">
		<value condition="!String.IsEmpty(ListItem.Art(clearlogo))">$INFO[ListItem.Art(clearlogo)]</value>
		<value condition="!String.IsEmpty(ListItem.Art(tvshow.clearlogo))">$INFO[ListItem.Art(tvshow.clearlogo)]</value>
	</variable>
	<variable name="HomeWidgetThumbVar">
		<value condition="!String.IsEmpty(ListItem.Art(thumb))">$INFO[ListItem.Art(thumb)]</value>
		<value>$INFO[ListItem.Art(fanart)]</value>
	</variable>
	<variable name="HomeWidgetFakeDiscArtVar">
		<value condition="ListItem.IsStereoscopic | String.Contains(ListItem.Filename,3d) | String.Contains(ListItem.Filename,3dbd)">common/discart/3d.png</value>
		<value condition="String.IsEmpty(ListItem.Artist) + String.IsEmpty(ListItem.AlbumArtist) + String.IsEmpty(ListItem.Album)">$INFO[ListItem.VideoResolution,common/discart/,p.png]</value>
	</variable>
	<variable name="HomeWidgetCharacterArtVar">
		<value condition="!String.IsEmpty(ListItem.Art(tvshow.characterart))">$INFO[ListItem.Art(tvshow.characterart)]</value>
		<value condition="!String.IsEmpty(ListItem.Art(tvshow.clearart))">$INFO[ListItem.Art(tvshow.clearart)]</value>
		<value>$INFO[ListItem.Art(tvshow.clearlogo)]</value>
	</variable>
	<variable name="HomeWidgetBannerVar">
		<value condition="!String.IsEmpty(ListItem.Art(tvshow.banner))">$INFO[ListItem.Art(tvshow.banner)]</value>
		<value>$INFO[ListItem.Art(banner)]</value>
	</variable>
	<!-- Widget Labels -->
	<variable name="HomeWidgetTitleVar">
		<value condition="!String.IsEmpty(ListItem.AddonName)">$INFO[ListItem.AddonName]</value>
		<value condition="!String.IsEmpty(ListItem.Property(Label3)) + !String.IsEmpty(ListItem.Property(WeatherMultiFanart))">$INFO[ListItem.Label] $INFO[ListItem.Label2] $INFO[ListItem.Property(Label3)]$INFO[ListItem.Property(Label4), ]</value>
		<value condition="!String.IsEmpty(ListItem.Property(Label3)) + !String.IsEmpty(ListItem.Property(isSystemInfo))">$INFO[ListItem.Label2]  $INFO[ListItem.Property(Label3)]</value>
		<value condition="[!Integer.IsGreater(ListItem.Season,9) + !Integer.IsGreater(ListItem.Episode,9)] + !String.StartsWith(ListItem.Episode,S) + !String.IsEmpty(ListItem.Episode) + !String.IsEqual(ListItem.Label,ListItem.TVShowTitle)">$INFO[ListItem.Season,S0]$INFO[ListItem.Episode,E0] $INFO[ListItem.Title]</value>
		<value condition="[!Integer.IsGreater(ListItem.Season,9) + !Integer.IsGreater(ListItem.Episode,9)] + String.StartsWith(ListItem.Episode,S) + !String.IsEmpty(ListItem.Episode) + !String.IsEqual(ListItem.Label,ListItem.TVShowTitle)">$INFO[ListItem.Season,S0]$INFO[ListItem.Episode] $INFO[ListItem.Title]</value>
		<value condition="[!Integer.IsGreater(ListItem.Season,9) + Integer.IsGreater(ListItem.Episode,9)] + !String.IsEmpty(ListItem.Episode) + !String.IsEqual(ListItem.Label,ListItem.TVShowTitle)">$INFO[ListItem.Season,S0]$INFO[ListItem.Episode,E] $INFO[ListItem.Title]</value>
		<value condition="[Integer.IsGreater(ListItem.Season,9) + !Integer.IsGreater(ListItem.Episode,9)] + !String.IsEmpty(ListItem.Episode) + !String.IsEqual(ListItem.Label,ListItem.TVShowTitle)">$INFO[ListItem.Season,S]$INFO[ListItem.Episode,E0] $INFO[ListItem.Title]</value>
		<value condition="[Integer.IsGreater(ListItem.Season,9) + Integer.IsGreater(ListItem.Episode,9)] + !String.IsEmpty(ListItem.Episode) + !String.IsEqual(ListItem.Label,ListItem.TVShowTitle)">$INFO[ListItem.Season,S]$INFO[ListItem.Episode,E] $INFO[ListItem.Title]</value>
		<value condition="!String.IsEmpty(ListItem.Property(NextDay))">$INFO[ListItem.Label]$INFO[ListItem.Property(NextDay), - ]$INFO[ListItem.Property(NextNumber), - ]</value>
		<value>$INFO[ListItem.Label]</value>
	</variable>
	<variable name="HomeWidgetTitle2Var">
		<value condition="!String.IsEmpty(ListItem.TVShowTitle)">$INFO[ListItem.TVShowTitle]</value>
		<value condition="!String.IsEmpty(ListItem.Artist)">$INFO[ListItem.Artist]</value>
		<value condition="!String.IsEmpty(ListItem.AlbumArtist)">$INFO[ListItem.AlbumArtist]</value>
		<value>$INFO[ListItem.Label]</value>
	</variable>
</includes>